{
	"credit": "Made with Blockbench",
	"ambientocclusion": false,
	"textures": {
		"0": "block/rail_corner",
		"particle": "block/rail_corner"
	},
	"elements": [
		{
			"from": [4, 0, 4],
			"to": [5, 1, 6],
			"faces": {
				"north": {"uv": [4, 4, 5, 5], "texture": "#0"},
				"east": {"uv": [0, 0, 2, 1], "texture": "#missing"},
				"south": {"uv": [4, 5, 5, 6], "texture": "#0"},
				"west": {"uv": [4, 4, 5, 6], "rotation": 270, "texture": "#0"},
				"up": {"uv": [4, 4, 5, 6], "texture": "#0"},
				"down": {"uv": [4, 4, 6, 5], "rotation": 270, "texture": "#0"}
			}
		},
		{
			"from": [5, 0, 4],
			"to": [6, 1, 7],
			"faces": {
				"north": {"uv": [5, 4, 6, 5], "texture": "#0"},
				"east": {"uv": [5, 4, 6, 5], "texture": "#0"},
				"south": {"uv": [4, 5, 5, 6], "texture": "#0"},
				"west": {"uv": [4, 5, 5, 6], "texture": "#0"},
				"up": {"uv": [5, 4, 6, 7], "texture": "#0"},
				"down": {"uv": [7, 6, 8, 9], "texture": "#0"}
			}
		},
		{
			"from": [6, 0, 5],
			"to": [7, 1, 8],
			"faces": {
				"north": {"uv": [5, 4, 6, 5], "texture": "#0"},
				"east": {"uv": [5, 4, 6, 5], "texture": "#0"},
				"south": {"uv": [6, 7, 7, 8], "texture": "#0"},
				"west": {"uv": [6, 5, 7, 8], "rotation": 270, "texture": "#0"},
				"up": {"uv": [6, 5, 7, 8], "texture": "#0"},
				"down": {"uv": [9, 8, 10, 11], "texture": "#0"}
			}
		},
		{
			"from": [7, 0, 6],
			"to": [8, 1, 9],
			"faces": {
				"north": {"uv": [7, 6, 8, 7], "texture": "#0"},
				"east": {"uv": [7, 6, 8, 9], "rotation": 90, "texture": "#0"},
				"south": {"uv": [7, 8, 8, 9], "texture": "#0"},
				"west": {"uv": [7, 6, 8, 9], "rotation": 270, "texture": "#0"},
				"up": {"uv": [7, 6, 8, 9], "texture": "#0"},
				"down": {"uv": [7, 6, 8, 9], "texture": "#0"}
			}
		},
		{
			"from": [9, 0, 8],
			"to": [10, 1, 11],
			"faces": {
				"north": {"uv": [9, 8, 10, 9], "texture": "#0"},
				"east": {"uv": [9, 8, 10, 11], "rotation": 90, "texture": "#0"},
				"south": {"uv": [9, 10, 10, 11], "texture": "#0"},
				"west": {"uv": [9, 8, 10, 11], "rotation": 270, "texture": "#0"},
				"up": {"uv": [9, 8, 10, 11], "texture": "#0"},
				"down": {"uv": [9, 8, 10, 11], "texture": "#0"}
			}
		},
		{
			"from": [8, 0, 7],
			"to": [9, 1, 10],
			"faces": {
				"north": {"uv": [8, 7, 9, 8], "texture": "#0"},
				"east": {"uv": [8, 7, 9, 10], "rotation": 90, "texture": "#0"},
				"south": {"uv": [8, 9, 9, 10], "texture": "#0"},
				"west": {"uv": [8, 7, 9, 10], "rotation": 270, "texture": "#0"},
				"up": {"uv": [8, 7, 9, 10], "texture": "#0"},
				"down": {"uv": [8, 7, 9, 10], "texture": "#0"}
			}
		},
		{
			"from": [13, 0, 12],
			"to": [14, 1, 16],
			"faces": {
				"north": {"uv": [0, 0, 1, 1], "texture": "#missing"},
				"east": {"uv": [0, 0, 3, 1], "texture": "#missing"},
				"south": {"uv": [1, 14, 2, 15], "texture": "#0"},
				"west": {"uv": [9, 14, 12, 15], "texture": "#0"},
				"up": {"uv": [13, 12, 14, 15], "texture": "#0"},
				"down": {"uv": [8, 13, 12, 14], "rotation": 90, "texture": "#0"}
			}
		},
		{
			"from": [12, 0, 11],
			"to": [13, 1, 15],
			"faces": {
				"north": {"uv": [12, 11, 13, 12], "texture": "#0"},
				"east": {"uv": [0, 0, 3, 1], "texture": "#missing"},
				"south": {"uv": [11, 14, 12, 15], "texture": "#0"},
				"west": {"uv": [0, 0, 3, 1], "texture": "#0"},
				"up": {"uv": [12, 11, 13, 14], "texture": "#0"},
				"down": {"uv": [11, 11, 15, 12], "rotation": 90, "texture": "#0"}
			}
		},
		{
			"from": [15, 0, 13],
			"to": [16, 1, 15],
			"faces": {
				"north": {"uv": [15, 14, 16, 15], "texture": "#0"},
				"east": {"uv": [15, 14, 16, 15], "texture": "#0"},
				"south": {"uv": [15, 14, 16, 15], "texture": "#0"},
				"west": {"uv": [0, 0, 1, 1], "texture": "#missing"},
				"up": {"uv": [15, 14, 16, 15], "texture": "#0"},
				"down": {"uv": [15, 14, 16, 15], "texture": "#0"}
			}
		},
		{
			"from": [14, 0, 12],
			"to": [15, 1, 16],
			"faces": {
				"north": {"uv": [0, 0, 1, 1], "texture": "#missing"},
				"east": {"uv": [14, 11, 15, 15], "rotation": 90, "texture": "#0"},
				"south": {"uv": [14, 15, 15, 16], "texture": "#0"},
				"west": {"uv": [14, 15, 15, 16], "texture": "#0"},
				"up": {"uv": [14, 14, 15, 16], "texture": "#0"},
				"down": {"uv": [8, 14, 12, 15], "rotation": 90, "texture": "#0"}
			}
		},
		{
			"from": [10, 0, 9],
			"to": [11, 1, 12],
			"faces": {
				"north": {"uv": [10, 9, 11, 10], "texture": "#0"},
				"east": {"uv": [10, 9, 11, 12], "rotation": 90, "texture": "#0"},
				"south": {"uv": [10, 11, 11, 12], "texture": "#0"},
				"west": {"uv": [10, 9, 11, 12], "rotation": 270, "texture": "#0"},
				"up": {"uv": [10, 9, 11, 12], "texture": "#0"},
				"down": {"uv": [10, 9, 11, 12], "texture": "#0"}
			}
		},
		{
			"from": [11, 0, 10],
			"to": [12, 1, 13],
			"faces": {
				"north": {"uv": [11, 10, 12, 11], "texture": "#0"},
				"east": {"uv": [11, 10, 12, 13], "rotation": 90, "texture": "#0"},
				"south": {"uv": [11, 12, 12, 13], "texture": "#0"},
				"west": {"uv": [11, 10, 12, 13], "rotation": 270, "texture": "#0"},
				"up": {"uv": [11, 10, 12, 13], "texture": "#0"},
				"down": {"uv": [11, 10, 12, 13], "texture": "#0"}
			}
		},
		{
			"from": [13, 1, 13],
			"to": [14, 2, 14],
			"rotation": {"angle": 0, "axis": "y", "origin": [8, 0, 9]},
			"faces": {
				"north": {"uv": [13, 13, 14, 14], "texture": "#0"},
				"east": {"uv": [0, 0, 1, 1], "texture": "#missing"},
				"south": {"uv": [0, 0, 1, 1], "texture": "#missing"},
				"west": {"uv": [13, 13, 14, 14], "texture": "#0"},
				"up": {"uv": [13, 13, 14, 14], "rotation": 90, "texture": "#0"},
				"down": {"uv": [13, 13, 14, 14], "rotation": 270, "texture": "#0"}
			}
		},
		{
			"from": [10, 1, 2],
			"to": [16, 2, 4],
			"faces": {
				"north": {"uv": [10, 2, 16, 3], "rotation": 180, "texture": "#0"},
				"east": {"uv": [15, 2, 16, 4], "rotation": 90, "texture": "#0"},
				"south": {"uv": [10, 3, 16, 4], "texture": "#0"},
				"west": {"uv": [10, 2, 11, 4], "rotation": 270, "texture": "#0"},
				"up": {"uv": [10, 2, 16, 4], "texture": "#0"},
				"down": {"uv": [2, 10, 4, 16], "rotation": 270, "texture": "#0"}
			}
		},
		{
			"from": [8, 1, 3],
			"to": [10, 2, 5],
			"faces": {
				"north": {"uv": [8, 3, 10, 4], "texture": "#0"},
				"east": {"uv": [9, 3, 10, 5], "rotation": 270, "texture": "#0"},
				"south": {"uv": [8, 4, 10, 5], "texture": "#0"},
				"west": {"uv": [8, 3, 9, 5], "rotation": 270, "texture": "#0"},
				"up": {"uv": [8, 3, 10, 5], "texture": "#0"},
				"down": {"uv": [3, 8, 5, 10], "rotation": 270, "texture": "#0"}
			}
		},
		{
			"from": [6, 1, 4],
			"to": [8, 2, 6],
			"faces": {
				"north": {"uv": [6, 4, 8, 5], "rotation": 180, "texture": "#0"},
				"east": {"uv": [7, 4, 8, 6], "rotation": 90, "texture": "#0"},
				"south": {"uv": [6, 5, 8, 6], "texture": "#0"},
				"west": {"uv": [6, 4, 7, 6], "rotation": 90, "texture": "#0"},
				"up": {"uv": [6, 4, 8, 6], "texture": "#0"},
				"down": {"uv": [4, 6, 6, 8], "rotation": 270, "texture": "#0"}
			}
		},
		{
			"from": [2, 1, 10],
			"to": [4, 2, 16],
			"rotation": {"angle": 0, "axis": "y", "origin": [8, 0, 9]},
			"faces": {
				"north": {"uv": [2, 10, 4, 11], "rotation": 180, "texture": "#0"},
				"east": {"uv": [3, 10, 4, 16], "rotation": 90, "texture": "#0"},
				"south": {"uv": [2, 15, 4, 16], "texture": "#0"},
				"west": {"uv": [2, 10, 3, 16], "rotation": 270, "texture": "#0"},
				"up": {"uv": [2, 10, 4, 16], "texture": "#0"},
				"down": {"uv": [10, 2, 16, 4], "rotation": 270, "texture": "#0"}
			}
		},
		{
			"from": [3, 1, 8],
			"to": [5, 2, 10],
			"rotation": {"angle": 0, "axis": "y", "origin": [8, 0, 9]},
			"faces": {
				"north": {"uv": [3, 8, 5, 9], "rotation": 180, "texture": "#0"},
				"east": {"uv": [4, 8, 5, 10], "rotation": 90, "texture": "#0"},
				"south": {"uv": [3, 9, 5, 10], "rotation": 180, "texture": "#0"},
				"west": {"uv": [3, 8, 4, 10], "rotation": 270, "texture": "#0"},
				"up": {"uv": [3, 8, 5, 10], "texture": "#0"},
				"down": {"uv": [8, 3, 10, 5], "rotation": 270, "texture": "#0"}
			}
		},
		{
			"from": [12, 1, 14],
			"to": [14, 2, 16],
			"rotation": {"angle": 0, "axis": "y", "origin": [8, 0, 9]},
			"faces": {
				"north": {"uv": [12, 14, 14, 15], "rotation": 180, "texture": "#0"},
				"east": {"uv": [13, 14, 14, 16], "rotation": 90, "texture": "#0"},
				"south": {"uv": [12, 15, 14, 16], "texture": "#0"},
				"west": {"uv": [12, 14, 13, 16], "texture": "#0"},
				"up": {"uv": [12, 14, 14, 16], "texture": "#0"},
				"down": {"uv": [14, 12, 16, 14], "rotation": 270, "texture": "#0"}
			}
		},
		{
			"from": [14, 1, 12],
			"to": [16, 2, 14],
			"rotation": {"angle": 0, "axis": "y", "origin": [8, 0, 9]},
			"faces": {
				"north": {"uv": [14, 12, 16, 13], "rotation": 180, "texture": "#0"},
				"east": {"uv": [15, 12, 16, 14], "rotation": 90, "texture": "#0"},
				"south": {"uv": [14, 13, 16, 14], "texture": "#0"},
				"west": {"uv": [14, 12, 15, 14], "rotation": 270, "texture": "#0"},
				"up": {"uv": [14, 12, 16, 14], "texture": "#0"},
				"down": {"uv": [12, 14, 14, 16], "rotation": 270, "texture": "#0"}
			}
		},
		{
			"from": [4, 1, 6],
			"to": [6, 2, 8],
			"rotation": {"angle": 0, "axis": "y", "origin": [8, 0, 9]},
			"faces": {
				"north": {"uv": [4, 6, 6, 7], "rotation": 180, "texture": "#0"},
				"east": {"uv": [6, 5, 7, 7], "rotation": 90, "texture": "#0"},
				"south": {"uv": [4, 7, 6, 8], "texture": "#0"},
				"west": {"uv": [4, 6, 5, 8], "rotation": 270, "texture": "#0"},
				"up": {"uv": [4, 6, 6, 8], "texture": "#0"},
				"down": {"uv": [6, 4, 8, 6], "rotation": 270, "texture": "#0"}
			}
		},
		{
			"from": [5, 1, 5],
			"to": [6, 2, 6],
			"rotation": {"angle": 0, "axis": "y", "origin": [8, 0, 9]},
			"faces": {
				"north": {"uv": [5, 5, 6, 6], "texture": "#0"},
				"east": {"uv": [0, 0, 1, 1], "texture": "#missing"},
				"south": {"uv": [0, 0, 1, 1], "texture": "#missing"},
				"west": {"uv": [5, 5, 6, 6], "texture": "#0"},
				"up": {"uv": [5, 5, 6, 6], "rotation": 90, "texture": "#0"},
				"down": {"uv": [5, 5, 6, 6], "rotation": 270, "texture": "#0"}
			}
		},
		{
			"from": [6, 1, 6],
			"to": [7, 2, 7],
			"rotation": {"angle": 0, "axis": "y", "origin": [8, 0, 9]},
			"faces": {
				"north": {"uv": [0, 0, 1, 1], "texture": "#missing"},
				"east": {"uv": [6, 6, 7, 7], "texture": "#0"},
				"south": {"uv": [6, 6, 7, 7], "texture": "#0"},
				"west": {"uv": [0, 0, 1, 1], "texture": "#missing"},
				"up": {"uv": [6, 6, 7, 7], "rotation": 90, "texture": "#0"},
				"down": {"uv": [6, 6, 7, 7], "rotation": 270, "texture": "#0"}
			}
		},
		{
			"from": [13, 0, 4],
			"to": [15, 1, 12],
			"faces": {
				"north": {"uv": [0, 0, 2, 1], "texture": "#missing"},
				"east": {"uv": [14, 4, 15, 12], "rotation": 90, "texture": "#0"},
				"south": {"uv": [0, 0, 2, 1], "texture": "#missing"},
				"west": {"uv": [13, 4, 14, 12], "rotation": 270, "texture": "#0"},
				"up": {"uv": [13, 4, 15, 12], "texture": "#0"},
				"down": {"uv": [13, 4, 15, 12], "rotation": 180, "texture": "#0"}
			}
		},
		{
			"from": [13, 0, 1],
			"to": [15, 1, 4],
			"faces": {
				"north": {"uv": [13, 1, 15, 2], "rotation": 180, "texture": "#0"},
				"east": {"uv": [14, 4, 15, 5], "rotation": 90, "texture": "#0"},
				"south": {"uv": [0, 0, 2, 1], "texture": "#missing"},
				"west": {"uv": [13, 4, 14, 5], "texture": "#0"},
				"up": {"uv": [13, 4, 15, 7], "texture": "#0"},
				"down": {"uv": [13, 4, 15, 12], "rotation": 180, "texture": "#0"}
			}
		},
		{
			"from": [4, 0, 13],
			"to": [12, 1, 15],
			"faces": {
				"north": {"uv": [4, 13, 12, 14], "rotation": 180, "texture": "#0"},
				"east": {"uv": [0, 0, 2, 1], "texture": "#missing"},
				"south": {"uv": [4, 14, 12, 15], "texture": "#0"},
				"west": {"uv": [0, 0, 2, 1], "texture": "#missing"},
				"up": {"uv": [4, 13, 12, 15], "texture": "#0"},
				"down": {"uv": [4, 13, 12, 15], "texture": "#0"}
			}
		},
		{
			"from": [1, 0, 13],
			"to": [4, 1, 15],
			"faces": {
				"north": {"uv": [4, 13, 7, 14], "rotation": 180, "texture": "#0"},
				"east": {"uv": [0, 0, 2, 1], "texture": "#missing"},
				"south": {"uv": [4, 14, 7, 15], "texture": "#0"},
				"west": {"uv": [1, 13, 2, 15], "rotation": 270, "texture": "#0"},
				"up": {"uv": [1, 13, 4, 15], "texture": "#0"},
				"down": {"uv": [4, 13, 7, 15], "texture": "#0"}
			}
		}
	],
	"groups": [0, 1, 2, 3, 4, 5, 6, 7, 8, 9, 10, 11,
		{
			"name": "metal",
			"origin": [8, 0, 9],
			"color": 0,
			"children": [12, 13, 14, 15, 16, 17, 18, 19, 20, 21, 22]
		}, 23, 24, 25, 26]
}